kind,fund_code,fund_name,category,return_1m,return_3m,return_6m,return_1y,return_ytd,return_3y,return_5y,kiid_risk,daily_approx,is_katilim,manager
YAT,PNU,PUSULA PORTFÖY İKİNCİ PARA PİYASASI (TL) FONU,Para Piyasası Şemsiye Fonu,4.2745,12.892,,,,,,2.0,0.20354761904761903,False,PUSULA
YAT,PRY,PUSULA PORTFÖY PARA PİYASASI (TL) FONU,Para Piyasası Şemsiye Fonu,4.1955,12.7046,26.7603,59.916,36.9742,,,2.0,0.1997857142857143,False,PUSULA
YAT,TP2,TERA PORTFÖY PARA PİYASASI (TL) FONU,Para Piyasası Şemsiye Fonu,4.0736,12.5356,26.5837,60.3463,36.9056,,,2.0,0.19398095238095237,False,TERA
YAT,BPZ,BULLS PORTFÖY PARA PİYASASI (TL) FONU,Para Piyasası Şemsiye Fonu,3.8786,11.8439,24.4302,51.3664,32.3167,,,2.0,0.1846952380952381,False,BULLS
YAT,KIE,TRIVE PORTFÖY PARA PİYASASI (TL) FONU,Para Piyasası Şemsiye Fonu,3.8209,11.3567,22.8488,45.8788,28.2719,258.351,,2.0,0.18194761904761905,False,TRIVE
YAT,PPT,ATLAS PORTFÖY PARA PİYASASI (TL) FONU,Para Piyasası Şemsiye Fonu,3.6652,11.4413,24.0512,52.7532,32.9591,,,2.0,0.17453333333333335,False,ATLAS
YAT,RBP,RE-PIE PORTFÖY BİRİNCİ PARA PİYASASI (TL) FONU,Para Piyasası Şemsiye Fonu,3.655,11.2294,23.5077,51.026,31.9416,,,1.0,0.17404761904761903,False,RE-PIE
YAT,HVT,ALLBATROSS PORTFÖY BİRİNCİ PARA PİYASASI (TL) FONU,Para Piyasası Şemsiye Fonu,3.6459,10.9559,23.1017,52.1917,32.378,275.2871,,2.0,0.17361428571428572,False,ALLBATROSS
YAT,GO6,ONE PORTFÖY PARA PİYASASI (TL) FONU,Para Piyasası Şemsiye Fonu,3.6045,10.9162,23.6662,52.9059,32.7022,276.63,,1.0,0.17164285714285712,False,ONE
YAT,PRD,PİRAMİT PORTFÖY PARA PİYASASI (TL) FONU,Para Piyasası Şemsiye Fonu,3.5753,10.968,22.846,49.1013,29.8627,,,2.0,0.17025238095238096,False,PİRAMİT
YAT,TLV,TERA PORTFÖY PARA PİYASASI KATILIM (TL) FONU,Katılım Şemsiye Fonu,3.5515,10.4439,23.1328,,31.8376,,,1.0,0.1691190476190476,True,TERA
YAT,IOO,İŞ PORTFÖY İKİNCİ PARA PİYASASI (TL) FONU,Para Piyasası Şemsiye Fonu,3.5395,10.3899,21.1699,46.4127,28.7974,257.6834,,2.0,0.16854761904761903,False,İŞ
YAT,AC4,PARDUS PORTFÖY PARA PİYASASI (TL) FON,Para Piyasası Şemsiye Fonu,3.5347,10.9778,22.7709,50.1394,30.9708,270.5935,,1.0,0.16831904761904762,False,PARDUS
YAT,PAB,A1 CAPİTAL PORTFÖY PARA PİYASASI (TL) FONU,Para Piyasası Şemsiye Fonu,3.5302,11.0169,22.6961,,31.2891,,,2.0,0.1681047619047619,False,A1
YAT,GPZ,GARANTİ PORTFÖY ÜÇÜNCÜ PARA PİYASASI FONU,Para Piyasası Şemsiye Fonu,3.516,10.5072,21.5047,47.0524,29.1972,29.4758,94.8573,1.0,0.16742857142857143,False,GARANTİ
YAT,IJV,İSTANBUL PORTFÖY BİRİNCİ PARA PİYASASI (TL) FONU,Para Piyasası Şemsiye Fonu,3.5157,10.4665,21.773,47.7112,29.4891,264.1522,443.857,1.0,0.1674142857142857,False,İSTANBUL
YAT,BVF,BV PORTFÖY PARA PİYASASI (TL) FON,Para Piyasası Şemsiye Fonu,3.5111,10.7488,22.1658,,30.5105,,,2.0,0.1671952380952381,False,BV
YAT,EIL,ASTRA PORTFÖY PARA PİYASASI (TL) FONU,Para Piyasası Şemsiye Fonu,3.446,10.5993,22.0189,48.9393,30.1252,264.5011,431.6204,2.0,0.1640952380952381,False,ASTRA
YAT,IDL,AKTİF PORTFÖY PARA PİYASASI (TL) FONU,Para Piyasası Şemsiye Fonu,3.4437,10.4396,21.5417,46.4882,29.251,256.0821,439.5918,1.0,0.1639857142857143,False,AKTİF
YAT,PPN,NUROL PORTFÖY PARA PİYASASI (TL) FONU,Para Piyasası Şemsiye Fonu,3.4302,10.58,22.2237,48.3399,29.9714,270.3363,478.9835,1.0,0.16334285714285715,False,NUROL
YAT,FPI,FONMAP PORTFÖY BİRİNCİ PARA PİYASASI (TL) FONU,Para Piyasası Şemsiye Fonu,3.4129,10.0798,21.2685,45.5528,28.6397,,,1.0,0.16251904761904762,False,FONMAP
YAT,MPL,MT PORTFÖY PARA PİYASASI (TL) FONU,Para Piyasası Şemsiye Fonu,3.3734,11.0806,19.8981,48.3221,28.6449,,,2.0,0.16063809523809525,False,MT
YAT,FSK,QNB PORTFÖY İKİNCİ PARA PİYASASI (TL) FONU,Para Piyasası Şemsiye Fonu,3.3722,10.2412,20.9337,46.5369,28.6824,254.2387,424.8566,2.0,0.16058095238095238,False,QNB
YAT,BGP,AK PORTFÖY ÜÇÜNCÜ PARA PİYASASI (TL) FONU,Para Piyasası Şemsiye Fonu,3.3697,10.4017,21.4654,47.1045,29.2838,263.6047,451.8576,1.0,0.16046190476190475,False,AK
YAT,ZBJ,ZİRAAT PORTFÖY BAŞAK PARA PİYASASI (TL) FONU,Para Piyasası Şemsiye Fonu,3.3682,10.4438,21.9007,47.4817,29.6846,261.6906,,1.0,0.1603904761904762,False,ZİRAAT
YAT,PLR,OSMANLI PORTFÖY PARA PİYASASI FONU,Para Piyasası Şemsiye Fonu,3.3663,10.4783,22.0124,48.422,30.0802,,,2.0,0.1603,False,OSMANLI
YAT,PPZ,AZİMUT PORTFÖY PARA PİYASASI (TL) FONU,Para Piyasası Şemsiye Fonu,3.3585,10.3357,21.4789,46.7697,29.1388,260.9499,463.81,2.0,0.15992857142857142,False,AZİMUT
YAT,EPT,EMAA BLUE PORTFÖY PARA PİYASASI (TL) FONU,Para Piyasası Şemsiye Fonu,3.3562,10.3499,21.6993,,29.3235,,,1.0,0.1598190476190476,False,EMAA
YAT,IRY,INVEO PORTFÖY PARA PİYASASI (TL) FONU,Para Piyasası Şemsiye Fonu,3.3544,10.5908,22.1519,48.6882,30.2094,266.373,,1.0,0.15973333333333334,False,INVEO
YAT,DL2,DENİZ PORTFÖY İKİNCİ PARA PİYASASI (TL) FONU,Para Piyasası Şemsiye Fonu,3.3539,10.3265,21.2608,46.9996,29.0068,,,1.0,0.1597095238095238,False,DENİZ
YAT,PPI,YAPI KREDİ PORTFÖY ÜÇÜNCÜ PARA PİYASASI (TL) FONU,Para Piyasası Şemsiye Fonu,3.3453,10.0381,20.7334,46.3934,28.4971,,,1.0,0.1593,False,YAPI
YAT,LKT,AKTİF PORTFÖY İKİNCİ PARA PİYASASI (TL) FONU,Para Piyasası Şemsiye Fonu,3.3294,9.9095,20.7334,44.1156,27.8384,,,2.0,0.15854285714285715,False,AKTİF
YAT,CFO,ROTA PORTFÖY İKİNCİ PARA PİYASASI FONU,Para Piyasası Şemsiye Fonu,3.3272,10.3808,21.7581,47.2705,29.5459,,,2.0,0.15843809523809524,False,ROTA
YAT,RPP,ROTA PORTFÖY PARA PİYASASI (TL) FONU,Para Piyasası Şemsiye Fonu,3.3264,10.337,21.6947,47.1786,29.4781,264.1573,,2.0,0.1584,False,ROTA
YAT,TCB,TACİRLER PORTFÖY PARA PİYASASI FONU,Para Piyasası Şemsiye Fonu,3.3218,10.3133,21.4459,46.6635,29.0853,256.1155,383.3269,2.0,0.1581809523809524,False,TACİRLER
YAT,FIL,FİBA PORTFÖY PARA PİYASASI (TL) FONU,Para Piyasası Şemsiye Fonu,3.3152,10.2516,21.3233,46.7627,29.0376,257.7581,442.3924,1.0,0.15786666666666666,False,FİBA
YAT,SPP,SPARTA PORTFÖY BİRİNCİ PARA PİYASASI (TL) FONU,Para Piyasası Şemsiye Fonu,3.3093,10.7938,23.1109,49.0638,30.4594,,,1.0,0.15758571428571427,False,SPARTA
YAT,DCB,DENİZ PORTFÖY PARA PİYASASI SERBEST (TL) FON,Serbest Şemsiye Fonu,3.3048,10.3854,21.7917,46.9948,29.4083,264.6608,,2.0,0.15737142857142858,False,DENİZ
YAT,KPP,KARE PORTFÖY PARA PİYASASI FONU,Para Piyasası Şemsiye Fonu,3.3048,10.3273,21.8089,47.6579,29.6815,,,1.0,0.15737142857142858,False,KARE
YAT,PTP,AHLATCI PORTFÖY PARA PİYASASI (TL) FONU,Para Piyasası Şemsiye Fonu,3.3044,10.1514,21.1719,,,,,1.0,0.15735238095238094,False,AHLATCI
YAT,DLY,DENİZ PORTFÖY PARA PİYASASI (TL) FONU,Para Piyasası Şemsiye Fonu,3.2952,10.1492,21.163,46.3442,28.7653,254.2115,422.3996,1.0,0.1569142857142857,False,DENİZ
YAT,NRG,NEO PORTFÖY BİRİNCİ PARA PİYASASI FONU,Para Piyasası Şemsiye Fonu,3.2928,10.244,21.6208,47.6773,29.4881,265.7311,,1.0,0.1568,False,NEO
YAT,UPP,ÜNLÜ PORTFÖY PARA PİYASASI (TL) FONU,Para Piyasası Şemsiye Fonu,3.2902,10.1436,21.2829,46.5187,28.9561,255.2571,435.3124,1.0,0.15667619047619047,False,ÜNLÜ
YAT,PRR,INVEO PORTFÖY PARA PİYASASI KATILIM (TL) FONU,Katılım Şemsiye Fonu,3.2797,10.1957,21.2328,,28.5201,,,1.0,0.15617619047619047,True,INVEO
YAT,HYV,HEDEF PORTFÖY PARA PİYASASI (TL) FONU,Para Piyasası Şemsiye Fonu,3.2777,10.1388,21.2137,47.4401,28.8927,266.0916,478.6238,1.0,0.15608095238095238,False,HEDEF
YAT,PJL,PHİLLİP PORTFÖY PARA PİYASASI FONU,Para Piyasası Şemsiye Fonu,3.2774,10.0931,21.1327,46.2664,28.7265,252.4282,426.4296,1.0,0.15606666666666666,False,PHİLLİP
YAT,ICE,TEB PORTFÖY ICBC TURKEY PARA PİYASASI (TL) FONU,Para Piyasası Şemsiye Fonu,3.265,10.0487,20.9092,46.0384,28.5321,248.7797,412.9677,1.0,0.1554761904761905,False,TEB
YAT,NVB,NEO PORTFÖY İKİNCİ PARA PİYASASI (TL) FON,Para Piyasası Şemsiye Fonu,3.2648,10.1651,21.3756,47.2076,29.1255,263.4991,,,0.15546666666666667,False,NEO
YAT,PPP,PERFORM PORTFÖY PARA PİYASASI (TL) FONU,Para Piyasası Şemsiye Fonu,3.2586,10.1931,21.4977,46.8201,29.1531,,,2.0,0.15517142857142857,False,PERFORM
YAT,HSL,HSBC PORTFÖY PARA PİYASASI (TL) FONU,Para Piyasası Şemsiye Fonu,3.2409,10.159,21.3078,46.2391,28.8744,253.8113,388.0565,,0.15432857142857143,False,HSBC
YAT,PRH,AURA PORTFÖY PARA PİYASASI (TL) FONU,Para Piyasası Şemsiye Fonu,3.2358,10.2468,21.4234,49.108,28.8814,,,1.0,0.15408571428571427,False,AURA
YAT,AAL,ATA PORTFÖY PARA PİYASASI (TL) FONU,Para Piyasası Şemsiye Fonu,2.0008,8.5465,17.8876,42.9986,25.3945,246.2667,398.0062,1.0,0.09527619047619047,False,ATA
YAT,DAP,DESTEK PORTFÖY PARA PİYASASI FONU,Para Piyasası Şemsiye Fonu,,,,,,,,2.0,,False,DESTEK
