date,A_buyhold,B_overlay,C_pp_only
2025-09-04,1.0005331895426575,1.0005331895426575,1.0018155
2025-09-05,0.9948920155357461,0.9948920155357461,1.00363429604025
2025-09-08,0.97796159174058,0.97796159174058,1.005456394104711
2025-09-09,0.9817066777952325,0.9817066777952325,1.007281800188208
2025-09-10,0.9923594662522419,0.9923594662522419,1.0091105202964497
2025-09-11,0.9802851225151612,0.9802851225151612,1.0109425604460478
2025-09-12,0.9820714147168207,0.9820714147168207,1.0127779266645376
2025-09-15,1.0222804699625108,1.0222804699625108,1.014616624990397
2025-09-16,1.033776567492579,1.033776567492579,1.016458661473067
2025-09-17,1.0285242938058785,1.0285242938058785,1.0183040421729714
2025-09-18,1.0295990871006717,1.0295990871006717,1.0201527731615365
2025-09-19,1.0461283709613685,1.0461283709613685,1.0220048605212113
2025-09-22,1.0611662487516966,1.0611662487516966,1.0238603103454875
2025-09-23,1.0483890716113942,1.0483890716113942,1.0257191287389198
2025-09-24,1.0491831278209593,1.0491831278209593,1.0275813218171452
2025-09-25,1.0474449108574488,1.0474449108574488,1.0294468957069043
2025-09-26,1.0369527946723025,1.0369527946723025,1.03131585654606
2025-09-29,1.0375920882136893,1.0375920882136893,1.0331882104836194
2025-09-30,1.0377506270201389,1.0377506270201389,1.0350639636797525
2025-10-01,1.055678258158555,1.055678258158555,1.036943122305813
2025-10-02,1.0509018481742922,1.0509018481742922,1.038825692544359
2025-10-03,1.037236471012984,1.037236471012984,1.0407116805891734
2025-10-06,1.0306344656400466,1.0306344656400466,1.0426010926452831
2025-10-07,1.0297397899897789,1.0297397899897789,1.0444939349289806
2025-10-08,1.0305164082527374,1.0305164082527374,1.046390213667844
2025-10-09,1.0292315531815872,1.0292315531815872,1.048289935100758
2025-10-10,1.0215419199573537,1.0215419199573537,1.0501931054779334
2025-10-13,1.018439856388715,1.018439856388715,1.0520997310609286
2025-10-14,0.9953040400361315,0.9953040400361315,1.0540098181226696
2025-10-15,1.0057547299684815,1.0057547299684815,1.0559233729474713
2025-10-16,0.9993085251174657,0.9993085251174657,1.0578404018310574
2025-10-17,0.9898054600321776,0.9898054600321776,1.0597609110805817
2025-10-20,1.0100112758421587,1.0100112758421587,1.0616849070146483
2025-10-21,1.0065232530818018,1.0065232530818018,1.0636123959633335
2025-10-22,1.0076179820350484,1.0076179820350484,1.065543384268205
2025-10-23,1.014118317227688,1.014118317227688,1.0674778782823438
2025-10-24,1.0392680291479477,1.0392680291479477,1.0694158843703654
2025-10-27,1.0373006130374782,1.0373006130374782,1.0713574089084397
2025-10-28,1.0422852785286976,1.0422852785286976,1.073302458284313
2025-10-29,1.0444760371412927,1.0444760371412927,1.075251038897328
2025-10-30,1.0388734065098157,1.0388734065098157,1.077203157158446
2025-10-31,1.051414725255719,1.051414725255719,1.079158819490267
2025-11-03,1.058684786930974,1.058684786930974,1.0811180323270515
2025-11-04,1.0400027960351186,1.0400027960351186,1.0830808021147413
2025-11-05,1.0452231085102952,1.0452231085102952,1.0850471353109805
2025-11-06,1.0436469619395419,1.0436469619395419,1.0870170383851376
2025-11-07,1.0364699997163824,1.0364699997163824,1.088990517818326
2025-11-10,1.0355768853173704,1.0355768853173704,1.090967580103425
2025-11-11,1.017695835719213,1.017695835719213,1.092948231745103
2025-11-12,1.0224585989994788,1.0224585989994788,1.094932479259836
2025-11-13,1.0129983971253207,1.0129983971253207,1.0969203291759322
2025-11-14,1.0075071800960167,1.0075071800960167,1.098911788033551
2025-11-17,1.0127472338563663,1.0127472338563663,1.100906862384726
2025-11-18,1.0164929831957261,1.0164929831957261,1.1029055587933854
2025-11-19,1.025244549234475,1.025244549234475,1.1049078838353747
2025-11-20,1.0233550598789796,1.0233550598789796,1.1069138440984778
2025-11-21,1.0164595664934024,1.0164595664934024,1.1089234461824387
2025-11-24,1.0213765221043816,1.0213765221043816,1.1109366966989829
2025-11-25,1.0147539842930118,1.0147539842930118,1.1129536022718398
2025-11-26,1.023102694677381,1.023102694677381,1.1149741695367643
2025-11-27,1.025589232755037,1.025589232755037,1.1169984051415582
2025-11-28,1.0231878532575038,1.0231878532575038,1.1190263157460927
2025-12-01,1.0381630292881545,1.0359205441818846,1.1210579080223297
2025-12-02,1.0443458963129584,1.042264269629203,1.1230931886543443
2025-12-03,1.0408182780836095,1.0409837452978967,1.1251321643383463
2025-12-04,1.0343790493056861,1.0374966976929014,1.1271748417827026
2025-12-05,1.038462414763672,1.0399339136113668,1.129221227707959
2025-12-08,1.05399278401454,1.051769352223887,1.1312713288468628
2025-12-09,1.0611111282314187,1.0581243752299534,1.133325151944384
2025-12-10,1.0572535220948924,1.0555975673125748,1.135382703757739
2025-12-11,1.059252044140343,1.057044176602175,1.1374439910564111
2025-12-12,1.057516832575609,1.0539297348436099,1.139509020622174
2025-12-15,1.0640173475053618,1.0575643159431485,1.1415777992491136
2025-12-16,1.060762489414807,1.056997374066178,1.1436503337436503
2025-12-17,1.0521001345514487,1.050058025347516,1.145726630924562
2025-12-18,1.0562485658519427,1.0534737605257547,1.1478066976230055
2025-12-19,1.0654915131244496,1.0628769546309567,1.14989054068254
2025-12-22,1.0666185193833753,1.0650161275824577,1.1519781669591491
2025-12-23,1.0681656116355354,1.0673560479425954,1.1540695833212635
2025-12-24,1.0721339720665084,1.0705540502128172,1.1561647966497832
2025-12-26,1.0747131210946543,1.0744825273271648,1.158263813838101
2025-12-29,1.0603094170851293,1.0636321687898307,1.160366641792124
2025-12-30,1.066825297492944,1.0689503500001183,1.1624732874302974
2025-12-31,1.0651214860004432,1.0666559086510867,1.164583757683627
2026-01-02,1.0853183496280523,1.081942403322812,1.1666980594957017
2026-01-05,1.1037801534822598,1.0961836848947306,1.1688161998227162
2026-01-06,1.1242115629793181,1.1097321408723837,1.1709381856334944
2026-01-07,1.1264357062787205,1.1121700745875946,1.173064023909512
2026-01-08,1.1297064188439414,1.1144638878964939,1.1751937216449198
2026-01-09,1.1348327531519282,1.117423507215691,1.177327285846566
2026-01-12,1.1440020130821167,1.125646771830513,1.1794647235340203
2026-01-13,1.1589590615184753,1.1378944313679507,1.1816060417395964
2026-01-14,1.1628859892825771,1.142449039302604,1.1837512475083747
2026-01-15,1.1675073223688783,1.1454652240476937,1.1859003478982262
2026-01-16,1.1809087177336763,1.154395699672749,1.1880533499798354
2026-01-19,1.1865144846380034,1.1585392059770925,1.1902102608367238
2026-01-20,1.1907702650712801,1.1618236033136995,1.1923710875652729
2026-01-21,1.1911709009386415,1.164237589447193,1.1945358372747477
2026-01-22,1.201030002858821,1.171589720422098,1.1967045170873198
2026-01-23,1.2165395976222422,1.1840625088096801,1.198877134138092
2026-01-26,1.2295233766218852,1.1931178943277496,1.2010536955751197
2026-01-27,1.229235689472957,1.1947129398904643,1.2032342085594363
2026-01-28,1.2512513124638052,1.210048810855099,1.205418680265076
2026-01-29,1.2715606406251305,1.221079301217574,1.207607117879097
2026-01-30,1.2614639514533967,1.2116201391359573,1.2097995286016066
2026-02-02,1.2376899887662274,1.1936429789959844,1.2119959196457828
2026-02-03,1.2495755484767468,1.2002423630575112,1.2141962982378998
2026-02-04,1.2456243979460921,1.1965033350851024,1.2164006716173505
2026-02-05,1.205331483151587,1.1642970807883242,1.2186090470366717
2026-02-06,1.234281815872758,1.19398202164328,1.2208214317615667
2026-02-09,1.263579164994569,1.2161303237706749,1.2230378330709297
2026-02-10,1.2558480795926312,1.2099297678852925,1.22525825825687
2026-02-11,1.254948505684153,1.209635469556931,1.2274827146247353
2026-02-12,1.27000330425634,1.216427133283319,1.2297112094931366
2026-02-13,1.2762603865955078,1.2228009196287553,1.2319437501939714
2026-02-16,1.2865375481196186,1.2298181585556185,1.2341803440724486
2026-02-17,1.2804675185985572,1.226663631872297,1.2364209984871122
2026-02-18,1.285890671096163,1.2315858436840326,1.2386657208098655
2026-02-19,1.2622950815686713,1.2186318172679513,1.2409145184259958
2026-02-20,1.2771234062834436,1.2306358459094,1.243167398734198
2026-02-23,1.2849012295516788,1.2358695418260026,1.2454243691465998
2026-02-24,1.2855152884860954,1.2370763161609868,1.2476854370887855
2026-02-25,1.281078906419548,1.238186121875908,1.24995060999982
2026-02-26,1.2775807787996516,1.2337502837698988,1.2522198953322747
2026-02-27,1.2631122174385359,1.2235278089213373,1.2544933005522505
2026-03-02,1.2478411977411652,1.216912492770074,1.256770833139403
2026-03-03,1.213906391610519,1.1930593277458137,1.2590525005869675
2026-03-04,1.2256598877005982,1.2047756970589236,1.261338310401783
2026-03-05,1.2309924061241773,1.207427924509712,1.2636282701043173
2026-03-06,1.2072061423659217,1.190690194594237,1.2659223872286918
2026-03-09,1.210055129449866,1.1958642120422118,1.2682206693227054
2026-03-10,1.2433364033388146,1.218645439418352,1.2705231239478607
2026-03-11,1.2450960298777431,1.220218271057883,1.272829758679388
2026-03-12,1.2477161543915005,1.2213089830926005,1.2751405811062704
2026-03-13,1.233073298300472,1.2115387600798226,1.2774555988312688
2026-03-16,1.2319707017736239,1.2138024252487656,1.2797748194709468
2026-03-17,1.2488408414040038,1.2250598227202658,1.2820982506556964
2026-03-18,1.2348087340936948,1.2139164691026016,1.2844259000297618
2026-03-19,1.226504272285306,1.2076034908623607,1.2867577752512658
2026-03-20,1.2184900770099103,1.2000947089956504,1.2890938839922343
2026-03-23,1.2234891073759901,1.2050133437311825,1.2914342339386222
2026-03-24,1.208221307919061,1.196206179686131,1.2937788327903377
2026-03-25,1.2167891229373904,1.2031514792511855,1.2961276882612685
2026-03-26,1.1905517760641788,1.1860345253930435,1.2984808080793067
2026-03-27,1.1847449293351318,1.1852300876038753,1.3008381999863745
2026-03-30,1.1764526822577859,1.1817102970613789,1.3031998717384496
2026-03-31,1.1996589326307094,1.1998668162073278,1.3055658311055907
2026-04-01,1.209314272848131,1.2080091239490707,1.3079360858719629
2026-04-02,1.2148658734640831,1.2133840439459493,1.3103106438358634
2026-04-03,1.2082981215015547,1.2098661568589684,1.3126895128097473
2026-04-06,1.2199882962840836,1.2182223547069406,1.3150727006202534
2026-04-07,1.2065410153783147,1.211845302126259,1.3174602151082295
2026-04-08,1.252542037294744,1.2422041429026576,1.3198520641287586
2026-04-09,1.2650054992101354,1.2514756898796842,1.3222482555511843
2026-04-10,1.2933632315802506,1.2719277492240975,1.3246487972591374
2026-04-13,1.2953869767642212,1.2724964585213434,1.3270536971505613
2026-04-14,1.3160307914505227,1.2872366157054713,1.3294629631377382
2026-04-15,1.3250941583110383,1.2920047263273275,1.3318766031473146
2026-04-16,1.3249528071675112,1.290485423196919,1.3342946251203285
2026-04-17,1.3638491026293376,1.3111626913533778,1.3367170370122343
2026-04-20,1.3595409811639503,1.3076554429425362,1.33914384679293
2026-04-21,1.3457266428950112,1.3005188442102633,1.3415750624467826
2026-04-22,1.3551865088088986,1.3034590506962074,1.3440106919726547
2026-04-23,1.3491337216991581,1.3013183855781727,1.346450743383931
2026-04-24,1.3555954800574033,1.3087919600661577,1.3488952247085444
2026-04-27,1.3724778010282213,1.32257213126525,1.3513441439890028
2026-04-28,1.3507467295018822,1.3095410190402093,1.3537975092824148
2026-04-29,1.3427655876115563,1.3064592762263438,1.356255328660517
2026-04-30,1.3505588679165261,1.308044263545551,1.3587176102097
2026-05-01,1.3577885665502514,1.3098320034276367,1.3611843620310358
2026-05-04,1.3599516724351357,1.309425639053712,1.363655592240303
2026-05-05,1.3687014331566483,1.3143314936984969,1.3661313089680154
2026-05-06,1.4078383233293772,1.3435235890057815,1.3686115203594467
2026-05-07,1.4168174364361417,1.353195592962275,1.3710962345746591
2026-05-08,1.4265308005404138,1.358944745805419,1.3735854597885293
2026-05-11,1.4425116573021517,1.369479140070548,1.3760792041907752
2026-05-12,1.4165825280996107,1.3579950440104929,1.3785774759859835
2026-05-13,1.4065178964025595,1.3557826313449675,1.381080283393636
2026-05-14,1.4186186743990157,1.3627760103426776,1.383587634648137
2026-05-15,1.3854800423949754,1.3419302243906233,1.3860995379988408
2026-05-18,1.357724909708751,1.3281374314133327,1.3886160017100777
2026-05-19,1.3540556736916218,1.3261122319761671,1.3911370340611824
2026-05-20,1.3586615732021987,1.3306000359214398,1.3936626433465205
2026-05-21,1.3016080844382711,1.2947161699634337,1.396192837875516
2026-05-22,1.3392634114595288,1.320254140945548,1.3987276259726789
2026-05-25,1.3453702692609522,1.324981743427581,1.4012670159776321
2026-05-26,1.331234585735827,1.3167458832155396,1.4038110162451396
2026-05-27,1.3258303347894482,1.3149067773037857,1.4063596351451326
2026-05-28,1.3268796166610903,1.317872894677419,1.4089128810627385
2026-05-29,1.3296513973905422,1.317155655314397,1.4114707623983078
2026-06-01,1.333730631321884,1.326567189232267,1.414033287567442
2026-06-02,1.3584814517568775,1.3480228842645179,1.4166004650010207
2026-06-03,1.3315633783025411,1.3330109943795687,1.41917230314523
2026-06-04,1.3314766034190673,1.3337413722179745,1.42174881046159
2026-06-05,1.30205998033313,1.3146133336424157,1.424329995426983
2026-06-08,1.3203844910522955,1.325322849312667,1.4269158665336807
2026-06-09,1.3043988704986673,1.3191276713289617,1.4295064322893727
2026-06-10,1.2978141366171625,1.3141476523928761,1.432101701217194
2026-06-11,1.3076125131852412,1.3212494718095433,1.4347016818557536
2026-06-12,1.3240119080474624,1.331360062700898,1.4373063827591628
2026-06-15,1.3687353031198388,1.3606946493693886,1.439915812497062
2026-06-16,1.3634591735800574,1.3603873588280033,1.4425299796546502
2026-06-17,1.3510503688066302,1.3544935794055202,1.4451488928327132
2026-06-18,1.3776693060464484,1.3757092759725087,1.447772560647651
2026-06-19,1.372600572298293,1.373265535840643,1.4504009917315068
2026-06-22,1.3730318145023015,1.3743919098939412,1.4530341947319954
2026-06-23,1.3485823466704125,1.3590786620169943,1.4556721783125313
2026-06-24,1.3239367888618252,1.3473282350849798,1.4583149511522575
2026-06-25,1.3106727972658074,1.3438390264064943,1.4609625219460745
2026-06-26,1.3079363266185415,1.344260544433105,1.4636148994046676
2026-06-29,1.3146302541673642,1.3431711084040021,1.4662720922545367
2026-06-30,1.3107492264444944,1.3463447884534498,1.4689341092380248
2026-07-01,1.3302478128427733,1.3555843623246906,1.4716009591133463
2026-07-02,1.3435216559714986,1.3606961787723877,1.4742726506546167
2026-07-03,1.3419196903812018,1.3604793355473739,1.47694919265188
2026-07-06,1.343048159062094,1.3620611943883068,1.4796305939111396
2026-07-07,1.3449421568897986,1.3658213054604018,1.4823168632543853
2026-07-08,1.327074572812648,1.3581254920799055,1.4850080095196236
2026-07-09,1.3228239778190125,1.3562447837517129,1.4877040415609064
2026-07-10,1.343250983335722,1.3722153735448788,1.4904049682483602
2026-07-13,1.3205401882968597,1.357064503770587,1.493110798468215
2026-07-14,1.332088325473787,1.364753048087024,1.495821541122834
2026-07-15,1.3322456566148626,1.3655962081462154,1.4985372051307424
2026-07-16,1.3248346091902279,1.361590484943729,1.5012577994266572
2026-07-17,1.306685017639217,1.3488527933035666,1.5039833329615162
2026-07-20,1.3161314637810937,1.354510744594399,1.5067138147025079
2026-07-21,1.319065206478348,1.3567403552913146,1.5094492536331001
2026-07-22,1.3326424700301402,1.3691346433862432,1.512189658753071
2026-07-23,1.3201563559109226,1.3637329392090163,1.5149350390785372
2026-07-24,1.3099143016271113,1.3585661349017502,1.5176854036419842
2026-07-27,1.299659594673786,1.345939977206223,1.5204407614922961
2026-07-28,1.2919588712855858,1.3426575855434322,1.5232011216947854
2026-07-29,1.2736513234595301,1.3309689830565874,1.5259664933312223
2026-07-30,1.270081946822988,1.3287282516708079,1.528736885499865
2026-07-31,1.2805931627186053,1.3401917461020356,1.5315123073154902
2026-08-03,1.283655801926059,1.3436720555355328,1.5342927679094214
2026-08-04,1.3093427189352507,1.362137082222492,1.537078276429561
2026-08-05,1.3184492432820891,1.3712139543334136,1.5398688420404187
2026-08-06,1.3237119465660678,1.3763448755198693,1.542664473923143
2026-08-07,1.3305611868150216,1.3817131345783995,1.5454651812755504
2026-08-10,1.3287888486919512,1.3820148438426203,1.5482709733121562
2026-08-11,1.3207308578748713,1.3778453420230896,1.5510818592642044
2026-08-12,1.35128129894382,1.4018450333998325,1.5538978483796986
2026-08-13,1.355447379799799,1.4041607957965294,1.556718949923432
2026-08-14,1.3553735262747653,1.4074102494394454,1.5595451731770178
2026-08-17,1.3586540415706496,1.4079845089121181,1.5623765274389205
2026-08-18,1.3493627996740374,1.4036931271150421,1.5652130220244858
2026-08-19,1.3830455145306033,1.4205070380898421,1.5680546662659711
2026-08-20,1.3875664252781572,1.4202901925534712,1.570901469512577
2026-08-21,1.400798942668616,1.4262959755555766,1.573753441130477
2026-08-24,1.3984533303777158,1.4223074035951677,1.5766105905028494
2026-08-25,1.4037375467628574,1.4259039955742503,1.5794729270299073
2026-08-26,1.4079221021927981,1.4301323530118326,1.58234046012893
2026-08-27,1.4306411231779645,1.4443551801046104,1.585213199234294
2026-08-28,1.419826697237448,1.439128900094132,1.5880911537975038
2026-08-31,1.4068237425627295,1.4297076338375372,1.590974333287223
2026-09-01,1.3910253083857735,1.4221349181004728,1.5938627471893059
2026-09-02,1.3846124925124288,1.421582258651974,1.596756405006828
2026-09-03,1.396839194142368,1.4219960808996888,1.5996553162601177
2026-09-04,1.4023246381418806,1.4275096400531204,1.602559490486788
